{
    "GB/s": {
        "Read": 13.804149290932857,
        "Total": 16.994898032295804,
        "Total_conv_opt": 16.820506445737315,
        "Write": 3.190748741362948
    },
    "GFLOP/s": {
        "DDOT": 0.785049065883985,
        "MG": 2.2837562770978943,
        "SpMV": 2.426831200701105,
        "Total": 2.2385505836798316,
        "Total_conv": 2.2385505836798316,
        "Total_conv_opt": 2.215579902294306,
        "WAXPBY": 2.8663102099926
    },
    "Overview": {
        "GFLOP/s": 2.215579902294306,
        "time": 1.0495480000000001
    },
    "flops": {
        "DDOT": 39583744.0,
        "MG": 1924172000.0,
        "SpMV": 346126800.0,
        "Total": 2349466288.0,
        "Total_conv": 2349466288.0,
        "WAXPBY": 39583744.0
    },
    "geometry": {
        "gnx": 64,
        "gny": 64,
        "gnz": 32,
        "npx": 2,
        "npy": 2,
        "npz": 1,
        "nx": 32,
        "ny": 32,
        "nz": 32
    },
    "iter_data": {
        "opt_iters_set": 50,
        "opt_iters_total": 50,
        "ref_iters_set": 50,
        "ref_iters_total": 50
    },
    "main_times": {
        "DDOT": 0.05042199999999708,
        "MG": 0.8425470000000002,
        "SPMV": 0.142625000000002,
        "WAXPBY": 0.013810000000000766,
        "allreduce": 0.03961699999999846,
        "halo_time": 0.0,
        "opt_time": 9.999999999177334e-07,
        "ref_time": 0.024065000000000003,
        "setup": 0.108814,
        "total": 1.0495480000000001
    },
    "max_times": {
        "DDOT": 0.05838499999999902,
        "MG": 0.8381370000000001,
        "SPMV": 0.13795100000000016,
        "WAXPBY": 0.014922999999999575,
        "allreduce": 0.04766500000000429,
        "halo_time": 0.0,
        "opt_time": 0.0,
        "ref_time": 0.023906999999999998,
        "setup": 0.108907,
        "total": 1.0495390000000002
    },
    "mean_times": {
        "DDOT": 0.05568474999999751,
        "MG": 0.8393042500000006,
        "SPMV": 0.1394915000000012,
        "WAXPBY": 0.014909750000000721,
        "allreduce": 0.04456924999999967,
        "halo_time": 0.0,
        "opt_time": 7.499999999938112e-07,
        "ref_time": 0.024118250000000004,
        "setup": 0.10893900000000001,
        "total": 1.04953575
    },
    "non_zeors": 3393400,
    "nr_equations": 131072,
    "procs": 4,
    "reproducibility_data": {
        "mean": 2.877476183023514e-13,
        "var": 0.0
    }
}